﻿<?xml version="1.0" encoding="utf-8" ?>
<Defs>

  <ThingDef Name="ShipChunk_Base" Abstract="True">
    <category>Building</category>
    <thingClass>Building</thingClass>
    <soundImpactDefault>BulletImpact_Metal</soundImpactDefault>
    <selectable>true</selectable>
    <drawerType>MapMeshAndRealTime</drawerType>
    <terrainAffordanceNeeded>Light</terrainAffordanceNeeded>
    <repairEffect>Repair</repairEffect>
    <leaveResourcesWhenKilled>true</leaveResourcesWhenKilled>
    <filthLeaving>Filth_RubbleBuilding</filthLeaving>
        <statBases>
            <SellPriceFactor>0.70</SellPriceFactor>
        </statBases>
  </ThingDef>


  <ThingDef ParentName="ShipChunk_Base">
    <defName>ShipChunk_green</defName>
    <label>ship chunk</label>
    <description>A chunk of a spacecraft. Can be deconstructed to yield useful steel and some components.</description>
    <category>Building</category>
    <graphicData>
      <texPath>Building/ShipChunk_green</texPath>
      <graphicClass>Graphic_Random</graphicClass>
      <drawSize>(2,2)</drawSize>
      <damageData>
        <rect>(0.1,0.1,1.8,1.8)</rect>
      </damageData>
      <shadowData>
        <volume>(1.6,0.5,1.25)</volume>
        <offset>(0,0,-0.13)</offset>
      </shadowData>
    </graphicData>
    <altitudeLayer>Building</altitudeLayer>
		<pathCost>35</pathCost>
    <blockWind>true</blockWind>
    <passability>PassThroughOnly</passability>
    <fillPercent>0.50</fillPercent>
    <size>(2,2)</size>
    <statBases>
      <MaxHitPoints>300</MaxHitPoints>
      <Flammability>0</Flammability>
      <Beauty>-20</Beauty>
      <WorkToBuild>12000</WorkToBuild>
    </statBases>
    <leaveResourcesWhenKilled>false</leaveResourcesWhenKilled>
    <killedLeavings>
      <ChunkSlagSteel>2</ChunkSlagSteel>
    </killedLeavings>
    <costList>
      <ComponentIndustrial>5</ComponentIndustrial>
      <Steel>200</Steel>
    </costList>
    <building>
      <claimable>false</claimable>
      <alwaysDeconstructible>true</alwaysDeconstructible>
    </building>
    <selectable>true</selectable>
    <soundImpactDefault>BulletImpact_Metal</soundImpactDefault>
    <drawerType>MapMeshOnly</drawerType>
    <repairEffect>ConstructMetal</repairEffect>
  </ThingDef>
  
  <ThingDef ParentName="ShipChunk_Base">
    <defName>ShipChunk_greenI</defName>
    <label>ship chunk</label>
    <description>A chunk of a spacecraft. Can be deconstructed to yield useful steel and some components.</description>
    <category>Building</category>
    <graphicData>
      <texPath>Building/ShipChunk_green</texPath>
      <graphicClass>Graphic_Random</graphicClass>
      <drawSize>(2,2)</drawSize>
      <damageData>
        <rect>(0.1,0.1,1.8,1.8)</rect>
      </damageData>
      <shadowData>
        <volume>(1.6,0.5,1.25)</volume>
        <offset>(0,0,-0.13)</offset>
      </shadowData>
    </graphicData>
    <altitudeLayer>Building</altitudeLayer>
		<pathCost>35</pathCost>
    <blockWind>true</blockWind>
    <passability>PassThroughOnly</passability>
    <fillPercent>0.50</fillPercent>
    <size>(2,2)</size>
    <statBases>
      <MaxHitPoints>300</MaxHitPoints>
      <Flammability>0</Flammability>
      <Beauty>-20</Beauty>
      <WorkToBuild>12000</WorkToBuild>
    </statBases>
    <leaveResourcesWhenKilled>false</leaveResourcesWhenKilled>
    <killedLeavings>
      <ChunkSlagSteel>2</ChunkSlagSteel>
    </killedLeavings>
    <costList>
      <ComponentIndustrial>8</ComponentIndustrial>
      <Steel>300</Steel>
    </costList>
    <building>
      <claimable>false</claimable>
      <alwaysDeconstructible>true</alwaysDeconstructible>
    </building>
    <selectable>true</selectable>
    <soundImpactDefault>BulletImpact_Metal</soundImpactDefault>
    <drawerType>MapMeshOnly</drawerType>
    <repairEffect>ConstructMetal</repairEffect>
  </ThingDef>


  <ThingDef ParentName="ShipChunk_Base">
    <defName>ShipChunk_yellow</defName>
    <label>yellow ship chunk</label>
    <description>A chunk of a spacecraft. Can be deconstructed to yield useful steel, gold and components.</description>
    <category>Building</category>
    <graphicData>
      <texPath>Building/ShipChunk_yellow</texPath>
      <graphicClass>Graphic_Random</graphicClass>
      <drawSize>(2,2)</drawSize>
      <damageData>
        <rect>(0.1,0.1,1.8,1.8)</rect>
      </damageData>
      <shadowData>
        <volume>(1.6,0.5,1.25)</volume>
        <offset>(0,0,-0.13)</offset>
      </shadowData>
    </graphicData>
    <altitudeLayer>Building</altitudeLayer>
		<pathCost>35</pathCost>
    <blockWind>true</blockWind>
    <passability>PassThroughOnly</passability>
    <fillPercent>0.50</fillPercent>
    <size>(2,2)</size>
    <statBases>
      <MaxHitPoints>300</MaxHitPoints>
      <Flammability>0</Flammability>
      <Beauty>-20</Beauty>
      <WorkToBuild>12000</WorkToBuild>
    </statBases>
    <leaveResourcesWhenKilled>false</leaveResourcesWhenKilled>
    <killedLeavings>
      <ChunkSlagSteel>2</ChunkSlagSteel>
    </killedLeavings>
    <costList>
	  <ComponentIndustrial>6</ComponentIndustrial>
      <Gold>30</Gold>
      <Steel>60</Steel>
    </costList>
    <building>
      <claimable>false</claimable>
      <alwaysDeconstructible>true</alwaysDeconstructible>
    </building>
    <selectable>true</selectable>
    <soundImpactDefault>BulletImpact_Metal</soundImpactDefault>
    <drawerType>MapMeshOnly</drawerType>
    <repairEffect>ConstructMetal</repairEffect>
  </ThingDef>


  <ThingDef ParentName="ShipChunk_Base">
    <defName>ShipChunk_blue</defName>
    <label>blue ship chunk</label>
    <description>A chunk of a spacecraft. Can be deconstructed to yield useful steel, plasteel and components.</description>
    <category>Building</category>
    <graphicData>
      <texPath>Building/ShipChunk_blue</texPath>
      <graphicClass>Graphic_Random</graphicClass>
      <drawSize>(2,2)</drawSize>
      <damageData>
        <rect>(0.1,0.1,1.8,1.8)</rect>
      </damageData>
      <shadowData>
        <volume>(1.6,0.5,1.25)</volume>
        <offset>(0,0,-0.13)</offset>
      </shadowData>
    </graphicData>
    <altitudeLayer>Building</altitudeLayer>
		<pathCost>35</pathCost>
    <blockWind>true</blockWind>
    <passability>PassThroughOnly</passability>
    <fillPercent>0.50</fillPercent>
    <size>(2,2)</size>
    <statBases>
      <MaxHitPoints>300</MaxHitPoints>
      <Flammability>0</Flammability>
      <Beauty>-20</Beauty>
      <WorkToBuild>12000</WorkToBuild>
    </statBases>
    <leaveResourcesWhenKilled>false</leaveResourcesWhenKilled>
    <killedLeavings>
      <ChunkSlagSteel>2</ChunkSlagSteel>
    </killedLeavings>
    <costList>
	  <ComponentIndustrial>8</ComponentIndustrial>
      <Steel>53</Steel>
      <Plasteel>80</Plasteel>
    </costList>
    <building>
      <claimable>false</claimable>
      <alwaysDeconstructible>true</alwaysDeconstructible>
    </building>
    <selectable>true</selectable>
    <soundImpactDefault>BulletImpact_Metal</soundImpactDefault>
    <drawerType>MapMeshOnly</drawerType>
    <repairEffect>ConstructMetal</repairEffect>
  </ThingDef>
  
  <ThingDef ParentName="ShipChunk_Base">
    <defName>ShipChunk_gray</defName>
    <label>gray ship chunk</label>
    <description>A chunk of a spacecraft. Can be deconstructed to yield precious silver and components.</description>
    <category>Building</category>
    <graphicData>
      <texPath>Building/ShipChunk_gray</texPath>
      <graphicClass>Graphic_Random</graphicClass>
      <drawSize>(2,2)</drawSize>
      <damageData>
        <rect>(0.1,0.1,1.8,1.8)</rect>
      </damageData>
      <shadowData>
        <volume>(1.6,0.5,1.25)</volume>
        <offset>(0,0,-0.13)</offset>
      </shadowData>
    </graphicData>
    <altitudeLayer>Building</altitudeLayer>
		<pathCost>35</pathCost>
    <blockWind>true</blockWind>
    <passability>PassThroughOnly</passability>
    <fillPercent>0.50</fillPercent>
    <size>(2,2)</size>
    <statBases>
      <MaxHitPoints>300</MaxHitPoints>
      <Flammability>0</Flammability>
      <Beauty>-20</Beauty>
      <WorkToBuild>12000</WorkToBuild>
    </statBases>
    <leaveResourcesWhenKilled>false</leaveResourcesWhenKilled>
    <killedLeavings>
      <ChunkSlagSteel>2</ChunkSlagSteel>
    </killedLeavings>
    <costList>
	  <ComponentIndustrial>6</ComponentIndustrial>
      <Steel>53</Steel>
	  <Silver>200</Silver>
    </costList>
    <building>
      <claimable>false</claimable>
      <alwaysDeconstructible>true</alwaysDeconstructible>
    </building>
    <selectable>true</selectable>
    <soundImpactDefault>BulletImpact_Metal</soundImpactDefault>
    <drawerType>MapMeshOnly</drawerType>
    <repairEffect>ConstructMetal</repairEffect>
  </ThingDef>
  
  <ThingDef ParentName="ShipChunk_Base">
    <defName>ShipChunk_grayI</defName>
    <label>gray ship chunk</label>
    <description>A chunk of a spacecraft. Can be deconstructed to yield precious silver and components.</description>
    <category>Building</category>
    <graphicData>
      <texPath>Building/ShipChunk_gray</texPath>
      <graphicClass>Graphic_Random</graphicClass>
      <drawSize>(2,2)</drawSize>
      <damageData>
        <rect>(0.1,0.1,1.8,1.8)</rect>
      </damageData>
      <shadowData>
        <volume>(1.6,0.5,1.25)</volume>
        <offset>(0,0,-0.13)</offset>
      </shadowData>
    </graphicData>
    <altitudeLayer>Building</altitudeLayer>
		<pathCost>35</pathCost>
    <blockWind>true</blockWind>
    <passability>PassThroughOnly</passability>
    <fillPercent>0.50</fillPercent>
    <size>(2,2)</size>
    <statBases>
      <MaxHitPoints>300</MaxHitPoints>
      <Flammability>0</Flammability>
      <Beauty>-20</Beauty>
      <WorkToBuild>12000</WorkToBuild>
    </statBases>
    <leaveResourcesWhenKilled>false</leaveResourcesWhenKilled>
    <killedLeavings>
      <ChunkSlagSteel>2</ChunkSlagSteel>
    </killedLeavings>
    <costList>
	  <ComponentIndustrial>6</ComponentIndustrial>
      <Steel>60</Steel>
	  <Silver>300</Silver>
    </costList>
    <building>
      <claimable>false</claimable>
      <alwaysDeconstructible>true</alwaysDeconstructible>
    </building>
    <selectable>true</selectable>
    <soundImpactDefault>BulletImpact_Metal</soundImpactDefault>
    <drawerType>MapMeshOnly</drawerType>
    <repairEffect>ConstructMetal</repairEffect>
  </ThingDef>  

  <ThingDef ParentName="ShipChunk_Base">
    <defName>ShipChunk_purple</defName>
    <label>purple ship chunk</label>
    <description>A chunk of a spacecraft. Can be deconstructed to yield many useful materials.</description>
    <category>Building</category>
    <graphicData>
      <texPath>Building/ShipChunk_purple</texPath>
      <graphicClass>Graphic_Random</graphicClass>
      <drawSize>(2,2)</drawSize>
      <damageData>
        <rect>(0.1,0.1,1.8,1.8)</rect>
      </damageData>
      <shadowData>
        <volume>(1.6,0.5,1.25)</volume>
        <offset>(0,0,-0.13)</offset>
      </shadowData>
    </graphicData>
    <altitudeLayer>Building</altitudeLayer>
		<pathCost>35</pathCost>
    <blockWind>true</blockWind>
    <passability>PassThroughOnly</passability>
    <fillPercent>0.50</fillPercent>
    <size>(2,2)</size>
    <statBases>
      <MaxHitPoints>300</MaxHitPoints>
      <Flammability>0</Flammability>
      <Beauty>-20</Beauty>
      <WorkToBuild>12000</WorkToBuild>
    </statBases>
    <leaveResourcesWhenKilled>false</leaveResourcesWhenKilled>
    <killedLeavings>
      <ChunkSlagSteel>2</ChunkSlagSteel>
    </killedLeavings>
    <costList>
	  <ComponentIndustrial>8</ComponentIndustrial>
      <Steel>280</Steel>
	  <Silver>200</Silver>
      <Gold>40</Gold>
    </costList>
    <building>
      <claimable>false</claimable>
      <alwaysDeconstructible>true</alwaysDeconstructible>
    </building>
    <selectable>true</selectable>
    <soundImpactDefault>BulletImpact_Metal</soundImpactDefault>
    <drawerType>MapMeshOnly</drawerType>
    <repairEffect>ConstructMetal</repairEffect>
  </ThingDef>  
  
</Defs>